OC(=O)C1=C(Cl)C=CC=C1Cl;2.33
OC(=O)C1=C(Cl)C=C(Cl)C=C1Cl;2.59
OC(=O)C1=CC=CC(=C1Cl)Cl;2.59
OC(=O)C1=CC(=CC=C1Cl)Cl;2.54
OC1=C(C=C(C=C1)[N+]([O-])=O)[N+]([O-])=O;4.06
OC(=O)C1=CC(=CC(=C1)Cl)Cl;3.27
OC(=O)C1=CC=C(Cl)C(=C1)Cl;3.31
NC(=O)C1=CC=CC=C1;2.09
ClC(Cl)(Cl)Cl;2.98
C=CCN=C=S;5.061
CC(O)CO;0.49
O=C1CCO1;2.875
CC1=CC(=O)C2=C(C=CC=C2)C1=O;4.54
CC1=C(Cl)C=CC(=C1)O;3.8
OCCC1=CC=CC=C1;2.41
CC(N)=O;0.678
NC1=CC=CC=C1;2.77
NC(N)=S;1.68
CCO;1.009
CCO[S](=O)(=O)OCC;2.302
NC(=O)C1=CC=CC=C1O;2.76
O=CC1=CC=CC2=CC=CC=C12;3.423
O=CC1=CC=C(OC2=CC=CC=C2)C=C1;4.26
CO;0.334
CC(C)O;1.118
CC(C)=O;0.796
C[S](C)=O;0.548
C[S](C)(=O)=O;0.8
OC(=O)C1=C(O)C=CC=C1;2.49
BrCC(=O)C1=CC=CC=C1;5.824
[O-][N+](=O)C1=CC=C(F)C(=C1)[N+]([O-])=O;4.71
CCC(=O)C1=CC=C(O)C=C1;3.12
CCCO;1.254
CCCCCO;1.97
C1=CC=CC=C1;2.88
OC(=O)C1=CC=C(Cl)C=C1;3.11
CC#N;0.723
CC(C)N;2.137
CC(C)(C)N;2.103
CC(C)(C)O;1.209
OCC(Br)(Br)Br;3.113
CC(C)(C)CO;2.13
CCC(C)(C)O;1.827
CC(=O)C(C)(C)C;1.558
CC(C)(C)C(O)=O;2.746
CCC(C)(O)C#C;1.677
C=C[S](=O)(=O)C=C;4.41
CC(C)CN;2.738
CC(C)C#N;1.381
CC(C)C=O;2.567
CC(=C)C=O;3.67
CCC(C)=O;1.254
CCC(N)=O;0.91
NC(=O)C=C;2.193
NC(=O)CCl;3.036
CCC(O)=O;2.488
CNC(C)=O;1.02
COC(C)=O;1.405
CC(C)C(O)=O;2.667
CCC(C)(C)C1=CC=C(O)C=C1;4.23
COC(=O)C(C)=C;1.78
CC1=C(C(=CC=C1)C)[N+]([O-])=O;3.3
CC1=C[NH]C2=CC=CC=C12;3.37
CC1=C(C=CC=C1Cl)[N+]([O-])=O;3.68
CCOC(=O)C1=CC=CC=C1C(=O)OCC;3.23
CC(C)COC(=O)C1=C(C=CC=C1)C(=O)OCC(C)C;4.44
[O-][N+](=O)C1=CC=CC=C1C2=CC=CC=C2;4.3
N#CC1=C2C=CC=CC2=CC=C1;3.69
[O-][N+](=O)C1=C2C=CC=CC2=CC=C1;4
[NH]1C2=CC=CC=C2C3=C1C=CC=C3;3.91
OCCOC(=O)C1=CC=CC=C1O;2.92
CC1=CC=CC(=C1C)N;2.57
CC1=C(N)C(=CC=C1)C;2.57
OC1=C(Cl)C=CC=C1Cl;3.73
OC1=C(O)C(=CC=C1)O;3.85
OC1=C(Cl)C(=C(Cl)C(=C1Cl)Cl)Cl;5.07
OC1=C(Cl)C(=C(O)C(=C1Cl)Cl)Cl;5.11
CC1=CC(=C(N)C(=C1)C)C;2.95
OC1=C(Cl)C=C(Cl)C=C1Cl;4.41
CC(=O)C1=CC=CS1;2.41
CC(C)(C)C1=C(O)C=CC=C1;4.29
OC(=O)C1=C(Br)C=CC=C1;2.53
NC(=O)C1=CC=CC=C1N;2.13
[O-][N+](=O)C1=C(Cl)C=CC=C1;3.68
OC1=C(C=CC=C1)[N+]([O-])=O;3.67
[O-][N+](=O)C1=CC(=CC=C1Cl)Cl;4.13
CC1=CC(=C(N)C=C1)[N+]([O-])=O;3.37
OC1=CC=C(Cl)C=C1[N](=O)=O;5.12
CC(C)C1=C(O)C=C(C)C(=C1)Cl;4.85
ONC(=O)C1=C(O)C=CC=C1;3.38
CC(=O)C1=CC=C(O)C=C1O;3.25
CC1=CC=CC=C1CO;2.57
CCC1=C(O)C=CC=C1;3.16
OCC1=CC=CC=C1O;2.05
OC1=CC=CC=C1C=O;3.42
COC1=CC=CC=C1N;2.31
CC1=C2C=CC=CC2=CC=C1;3.74
ClC1=C2C=CC=CC2=CC=C1;3.81
OC1=CC=CC2=CC=CC=C12;3.75
OC1=C(Br)C=C(Br)C=C1C=O;4.65
OC1=C(C=O)C=C(Cl)C=C1Cl;4.55
CN(C)CC1=CC(=C(O)C(=C1)CN(C)C)CN(C)C;2.48
BrC1=CC=C(C=C1)C(=O)C2=CC=CC=C2;4.26
OC(C1=CC=CC=C1)C2=CC=CC=C2;3.5
N#CC1=CC=CC=C1C#N;2.66
C1=CC=C2C=CC=CC2=C1;2.88
C1=CC2=C(C=C1)N=CC=C2;3.09
CC1=CC2=CC=CC=C2C=C1;4.08
CC1=NC2=CC=CC=C2C=C1;3.47
CCN(CC)C1=CC=CC=C1;3.66
C1=CC=C(C=C1)C2=CC=CC=C2;4.05
OC1=CC=C(C=C1)C2=CC=CC=C2;4.39
C1=CC2=NC3=CC=CC=C3N=C2C=C1;4.4
CCC(O)C1=CC=CC=C1;2.57
CCC(=O)C1=CC=CC=C1;2.93
COC(=O)C1=CC=CC=C1;3.23
CCOC(=O)C1=CC=CC=C1;2.99
CC(=O)CC(=O)C1=CC=CC=C1;3.57
O=C(OC1=CC=CC=C1)C2=CC=CC=C2;4.35
CCCCC(CC)C(=O)OC=C;4.046
CCOC(=O)C1=CC=C(C)C=C1;3.68
CCOC(=O)C1=CC=C(N)C=C1;3.7
OC1=CC=C(C=C1)C(=O)OCC2=CC=CC=C2;4.55
CCCCOC(=O)C1=CC=C(O)C=C1;4.33
CCOC(=O)C1=CC=C(OC)C=C1;3.77
O/N=C/C1=CC=CC=C1O;3.25
OC1=CC(=C(C=O)C=C1)O;3.515
S1C=NC2=CC=CC=C12;2.97
CC1=C(O)C=CC=C1;2.71
ClC1=C(Cl)C=CC=C1;3.53
NC1=C(Cl)C=CC=C1;2.83
CC1=C(N)C=CC=C1;2.84
OC1=CC=CC=C1Br;3.33
CC1=CC(=C(C)C=C1)C;3.78
CC1=CC=C(N)C=C1C;2.84
CC1=C(C)C=C(O)C=C1;3.12
CC1=C(O)C=CC(=C1)O;4.86
CC1=C(Cl)C=C(N)C=C1;3.39
NC1=CC(=C(Cl)C=C1)Cl;4.37
OC1=CC=C(Cl)C(=C1)Cl;4.75
CC1=CC(=C(C)C=C1)N;2.67
CC1=CC=C(Cl)C=C1N;3.5
CC1=C(N)C=C(N)C=C1;2.34
NC1=C(Cl)C=CC(=C1)Cl;3.58
NC1=CC(=CC=C1O)Cl;3.78
NC1=CC(=C(O)C=C1)N;3.13
CC1=CC(=C(C)C=C1)O;3.14
OC1=CC=C(Cl)C(=C1)O;3.13
ClC1=C(Cl)C=C(Cl)C(=C1)Cl;5
OC1=C(Cl)C=C(Cl)C(=C1)Cl;5.1
CCCCC(=O)C(C)=O;3.04
CC(=C)C(=O)OCC=C;2.32
OCC(Br)CBr;2.514
CCC(C)CN;2.523
OC(CBr)CBr;3.57
CCC(=O)CC;1.544
OC(CCl)CCl;2.207
CC\C(C)=N\O;1.93
COC(=O)C=C;3.55
COC(=O)CCl;3.886
O=C1CCCO1;1.283
NC1=C(C=C(C=C1)[N+]([O-])=O)[N+]([O-])=O;3.72
OC1=CC=C(Cl)C=C1CC2=CC(=CC=C2O)Cl;6.09
COC1=C(O)C=CC(=C1)CC=C;3.42
COC1=CC(=CC=C1O)\C=C\C;3.75
CCOC(=O)C(C)C;1.729
CCOC(=O)C(C)=C;2.07
CC(C)COC(=O)C(C)C;2.409
CC(C)COC(=O)C(C)=C;2.72
CCC(CC)C=O;2.946
O=CC1=CC=CS1;2.95
CC(C)(C)C1=CC=C(O)C=C1;3.91
CC(C)C1=CC=CC=C1;3.69
CC(=O)C1=CC=CC=C1;2.54
ClC(Cl)C1=CC=CC=C1;3.11
[O-][N+](=O)C1=CC=CC=C1;3.14
CC(=O)C1=CC=CC(=C1)N;2.18
OC(=O)C1=CC(=CC=C1)O;2.19
CC1=CC(=CC=C1)[N+]([O-])=O;3.42
NC1=CC(=CC=C1)[N+]([O-])=O;3.03
OC1=C(Br)C=C(C=C1Br)[N](=O)=O;4.36
CC1=CC=C(C=C1C)[N+]([O-])=O;3.59
CC1=CC(=CC=C1N)[N+]([O-])=O;3.49
NC1=C(N)C=C(C=C1)[N+]([O-])=O;3.52
[O-][N+](=O)C1=CC(=CC=C1)C=O;3.11
[O-][N+](=O)C1=CC=CC(=C1)[N+]([O-])=O;3.76
CCCC(CCC)C(O)=O;3.026
COC(=O)C1=CC=C(C)C=C1;3.23
COC(=O)C1=CC=C(O)C=C1;3.08
CCOC(=O)C1=CC=C(C=C1)[N+]([O-])=O;3.71
CC(C)C1=CC=C(N)C=C1;3.22
OC(=O)C1=CC=C(O)C=C1;1.98
OC1=CC=C(C=C1)[N+]([O-])=O;4.42
COC1=CC=C(C=C1)C(C)=O;2.87
CN(C)C1=CC=C(C=O)C=C1;3.23
BrCC1=CC=C(C=C1)[N](=O)=O;5.31
CCC1=CC=C(C=C1)[N](=O)=O;3.43
[O-][N+](=O)C1=CC=C(CCl)C=C1;4.18
COC1=CC=C(C=C1)[N+]([O-])=O;3.54
[O-][N+](=O)C1=CC=C(C=C1)[N+]([O-])=O;4.3
CCN(CC)CCO;1.505
BrCC1=CC=CC=C1;3.638
C=CC1=CC=CC=C1;2.98
NCC1=CC=CC=C1;2.76
N#CC1=CC=NC=C1;2.18
O=CC1=CC=CC=C1;2.8
N#CC1=CN=CC=C1;2.26
CNC1=CC=CC=C1;3.06
CSC1=CC=CC=C1;3.18
N#CC1=NC=CC=C1;2.17
CCC1=NC=CC=C1;2.13
CC1(C)OCC(CO)O1;1.21
OC1=CC=CC(=C1)C=O;3.08
CC(C)(O)CC1=CC=CC=C1;2.59
C(C1=CC=CC=C1)C2=CC=CC=N2;3.38
NC(=N)NC(=N)NC1=CC=CC=C1;2.61
OCCN(CCO)CCO;1.251
CC(C)(O)CCC1=CC=CC=C1;2.93
CCOC(=O)\C=C\C1=CC=CC=C1;3.99
CC(=O)OC\C=C\C1=CC=CC=C1;3.59
BrCCC1=CC=CC=C1;3.42
CCNC1=CC=CC=C1;3.07
S=C=NC1=CC=CC=C1;4.41
CN(C)CC1=CC=CC=C1;3.12
CC(=O)NC1=CC=C(O)C=C1;2.18
CCCCCCCCCC1=CC=C(O)C=C1;5.47
CCCCC1CCC(=O)O1;2.62
CCCCC1=CC=CC=C1;4.25
ClCCCC1=CC=CC=C1;3.5
OC\C=C\C1=CC=CC=C1;2.92
CCCCCC1CCC(=O)O1;3.014
CCCCC(CC)CO;3.167
CC1=CC=C(CN)C=C1;2.99
CC1=CC=C(C=C1)C#N;2.9
NCC1=CC=C(Cl)C=C1;3.16
CC1=CC=C(C=O)C=C1;2.943
ClC1=CC=C(C=O)C=C1;3.4
CCC1=CN=C(C)C=C1;2.82
OC1=CC=C(C=C1)N=O;3.65
COC1=CC=C(C)C=C1;3.25
O=CC1=CC=C(C=C1)C#N;3.04
CCCC(O)C#C;3.657
COC(=O)CC#N;1.66
CCOC(=O)CBr;5.678
CCOC(=O)CC;2.055
CCC(=O)OC=C;2.347
CCOC(=O)CCl;4.056
CCC(C)CC(O)=O;2.767
CCC(C)OC(C)=O;2.321
CCOC(=O)CC(=O)OCC;2.003
CCOC(=O)CC#N;1.77
CN(CCO)CCO;1.166
CCCOC(=O)CCC;2.586
CC1=CC(=C(O)C=C1)C;3.14
CCCCOC(=O)\C=C\C(=O)OCCCC;4.49
CCCCOC(=O)CCCCC(=O)OCCCC;3.792
CCCOC(=O)CC;2.185
BrC1=CC=C(Br)C=C1;3.68
CC1=CC=C(Br)C=C1;3.47
NC1=CC=C(Br)C=C1;4.01
OC1=CC=C(Br)C=C1;3.68
CC1=CC=C(C)C=C1;3.25
CC1=CC=C(O)C=C1;2.84
ClC1=CC=C(Cl)C=C1;3.53
CC1=CC=C(N)C=C1;2.95
CC(C)COC(=O)C=C;3.29
COC(=O)CCC(=O)OC;1.943
CCCCCC(=O)OC;2.439
CCCCCCC(=O)OC;3.104
COC(=O)CCCCCCCCC(=O)OC;4.011
BrCC=C;3.569
C=CC=O;4.89
ClCC=C;2.06
OCCCl;1.583
CCCI;2.61
CCC#N;1.028
ClCC#N;3.845
OCC=C;1.082
OCC#C;1.926
C\C=N\O;1.39
COC=O;1.502
CC(O)CC(C)(C)O;1.047
CC(C)(C)OC(=O)CCl;3.854
CC(C)CCBr;3.25
CC(C)CCN;2.423
CC(C)=CC=O;3.09
CCCC(C)=O;1.778
CC(O)CCO;0.699
CCCC(O)=O;2.428
C/C=C/C(O)=O;2.455
OC(=O)CCCl;2.668
CCC[N+]([O-])=O;2.01
CC(=O)OC=C;2.141
CC(C)CC(C)=O;1.792
CC(C)OC(C)=O;1.41
CC(=C)OC(C)=O;2.511
CC1CCC(=O)O1;1.431
CC1=CC(=CC=C1)O;2.92
OC1=CC(=CC=C1)Cl;3.87
CC1=CC(=CC=C1)N;2.72
OC1=CC(=CC=C1)O;2.35
CC1=CC(=NC=C1)C;2.35
CC1=NC(=CC=C1)C;2.19
COC(=O)CC(=O)OC;1.713
CCOC(=O)CC(C)C;2.277
CC1=CC(=CC(=C1)N)C;2.64
ClC1=CC(=CC(=C1)Cl)Cl;3.87
OC1=CC(=CC(=C1)O)O;1.74
CC1=CC=CC=C1;3.25
CC1=CC=NC=C1;2.12
ClC1=CC=CC=C1;2.87
OC1CCCCC1;2.234
O=C1CCCCC1;1.767
OC1=CC=CC=C1;2.65
SC1=CC=CC=C1;4.66
CN1CCNCC1;2.04
BrC1=CC=CC=N1;2.46
CC1=NC=CC=C1;1.99
CC1=CN=CC=N1;1.91
ClC1=NC=CC=C1;2.16
CCCCOC(=O)CCC;3.516
CCCCNC(=S)NCCCC;3.86
CC(=O)CCC=C;1.86
CCC#CC(C)O;3.511
CCCCC(O)=O;2.733
CCCOC(C)=O;1.762
CCCCCl;2.09
CCCC#N;1.559
C=CCC#N;1.521
N#CCC#N;3.22
CNCCO;1.18
COCCN;1.21
O1C=CC=C1;1.35
S1C=CC=C1;1.56
CC(C)CCC(C)=O;2.354
CC(=O)CCC(C)=O;1.597
OC(=O)CCC(O)=O;2.061
C=CC(=O)NCNC(=O)C=C;2.485
CCOC(=O)CCCCCCCCC(=O)OCC;4.354
CCCCCCCCCC(=O)OC;4.378
CCCCCBr;3.484
CCCCCC;3.72
ClC\C=C\CCl;3.77
CCCCCN;2.515
CCCCC#N;1.993
N#CCCC#N;1.176
CCCCC=O;2.978
OCCCCO;0.764
OCC#CCO;1.116
CCCCNC;2.322
CCCOC=O;1.978
C1=CC=NC=C1;1.68
CC(C)=CCCC(C)=O;2.548
OC(=O)CCCC(O)=O;2.361
CCCCCCCC(=O)OC;3.536
CCCCCC#CC(=O)OC;4.04
CCCCCCC(C)=O;2.855
CCCCCCC(O)=O;2.887
OC(=O)CCCCCC(O)=O;2.416
CCCCCCBr;3.937
CCCCCCN;2.78
CCCCCCO;2.621
OCCCCCO;1.066
OCCNCCO;1.206
CCCCCCCN;3.211
N#CCCCCC#N;1.462
CCCCCCCO;3.105
CCCCCCC=O;2.998
CCCCCCC#CC(=O)OC;4.32
CCCCCCCCBr;4.87
CCCCCCCCCl;3.67
CCCCCCCCN;3.351
CCCCCCCCO;3.583
CCCCCCCCC(O)=O;3.351
CCCCCCCCCC(C)=O;4.535
CCCCCCCCOC(C)=O;4.057
CCCCCCCCCCOC(C)=O;4.88
CCCCCCCCCN;4.701
CCCCCCCCCCO;4.335
CCCCCCCCCCCO;4.955
CCCCCCCCCCC=O;4.69
OCCCCCCCCCCO;3.224
CC(C)(O)C=C;1.611
CC(C)(O)C#C;1.689
OCC(Cl)(Cl)Cl;2.535
O=[P](OC1=CC=CC=C1)(OC2=CC=CC=C2)OC3=CC=CC=C3;4.81
[O-][N+](=O)C1=C(Cl)C(=CC(=C1Cl)Cl)Cl;4.82
ClC1=C(Cl)C(=O)C2=C(C=CC=C2)C1=O;6.36
OC1=CC=CC=C1C(=O)C2=CC=CC=C2;4.23
OC1=C(Br)C=C(Br)C=C1Br;4.91
OC(=O)C1=CC=CC=C1Cl;2.55
CC1=CC(=C(O)C=C1)[N+]([O-])=O;3.57
CC(=N\O)/C(=O)C1=CC=CC=C1;2.96
O=C(C1=CC=CC=C1)C2=CC=CC=C2;3.87
CCOC(=O)C1=CC=C(O)C=C1;3.57
CC(C)COC(=O)C1=CC=CC=C1;3.98
O=C(OCC1=CC=CC=C1)C2=CC=CC=C2;4.45
[NH]1C=CC2=C1C=CC=C2;3.21
OC1=C(O)C=CC=C1;3.75
CC1=C(C=C(C=C1)[N+]([O-])=O)[N+]([O-])=O;3.87
[O-][N+](=O)C1=C(Cl)C=CC(=C1)C(F)(F)F;3.85
CCOC1=C(O)C=CC(=C1)C=O;3.02
COC1=C(O)C=CC(=C1)C=O;2.97
CN(C)C1=CC=CC=C1;3.28
[O-][N+](=O)C1=CC=CC(=C1)Cl;3.73
CC(=O)C1=CC=CC(=C1)[N+]([O-])=O;3.32
CC(C)C1=CC=C(C=O)C=C1;3.67
O=CCC1=CC=CC=C1;3.87
CCCCOC1=CC=C(O)C=C1;3.7
OCCCC1=CC=CC=C1;2.79
COC1=CC=C(C=O)C=C1;2.953
CCCC(C)C=O;2.526
CCCC(=O)CCC;2.331
CCCC(=O)OC=C;2.618
NC1=CC=C(O)C=C1;2.92
OC1=CC=C(O)C=C1;3.47
CCC=O;2.515
CC(C)CCO;1.964
CCCCCC(=O)OCC;3.064
CCCCCC(=O)OCC=C;3.213
CCCC=O;2.62
C\C=C\C=O;4.06
CCCCOC(C)=O;2.514
CCCCCCC(C)O;3
OC(=O)CCCCC(O)=O;2.394
CCCCCCCC(O)=O;3.081
CCCCCCCC#N;3.283
CCCCCCCCC=O;3.808
CC(C)(N)CO;1.069
CC1(C)C2CCC1(C)C(O)C2;3.15
CC(=C)C#N;1.347
CC(O)CCl;1.508
CC(C)=NO;1.752
CN(C)C(C)=O;1.051
CC1=CC(=C(O)C(=C1)C(C)(C)C)C(C)(C)C;4.79
O=C1C=CC(=O)C2=C1C=CC=C2;5
CCCOC(=O)C1=C(C=CC=C1)C(=O)OCCC;3.98
OC1=CC(=C(C=C1)C(=O)C2=C(O)C=C(O)C=C2)O;3.96
OC1=CC=C(C(=C1)O)C(=O)C2=CC=CC=C2;4.37
COC1=CC=C(C(=C1)O)C(=O)C2=CC=CC=C2;4.42
CC1=C(C=CC=C1)C(=O)C2=CC=CC=C2;4.37
O1C2=C(C=CC=C2)C3=CC=CC=C13;4.42
CCCCC(C(=O)OCC)C(=O)OCC;3.557
NC1=CC(=C(C=C1)C(=O)OC2=CC=CC=C2)O;4.41
COC1=C(O)C(=CC(=C1)C=O)OC;3.17
COC1=CC=CC=C1C=O;3.15
OC1=CC=CC(=C1)OC(=O)C2=CC=CC=C2;4.11
CCCCOC(=O)C1=CC=CC=C1;3.92
CCCCCCC1=C(O)C=C(O)C=C1;4.8
OC1=C(Cl)C=C(Cl)C(=C1)O;3.97
CCC(C)CO;2.047
OC1=C(O)C=C(C=O)C=C1;3.107
CC(C)CC(=O)OCCC1=CC=CC=C1;4.1
N#CCC1=CC=CC=C1;2.64
NCCN1CCNCC1;2.21
ClC1=CC=C(CC#N)C=C1;3.66
CCOC(=O)C=C;3.52
CCCCOC(=O)CCC(=O)OCCCC;3.512
CCCCC(=O)OCCC;3.009
CCOC(=O)CCCCC(=O)OCC;2.874
CCCCOC(=O)C=C;3.52
NCCO;1.115
CCOC(C)=O;1.703
CCCCCCOC(=O)C(C)=C;4.09
CCCCCCC(=O)OCC=C;3.728
CC(C)(O)C#CC(C)(C)O;1.415
CCCCCC(Cl)=O;3.34
CCCCCC(O)=O;2.792
C/C=C/C=C/C=O;3.74
CCCCCCOC(C)=O;2.991
CCCCCCCCCO;3.855
NC(=O)CI;4.854
COC1=CC=CC(=C1O)C=O;3.377
CCCCC(CC)C(O)=O;3.076
COC1=CC=CC(=C1)O;2.67
OC(=O)CC1=CC=C(O)C=C1;1.5
NCCC1=CC=C(Cl)C=C1;3.14
NCCCO;1.308
C1=CC2=C(C=CC3=C2C=CC=N3)N=C1;4.14
C1=CC=C2C(=C1)C=CC3=C2N=CC=C3;4.31
C1=CC2=C(N=C1)C3=C(C=C2)N=CC=C3;4.07
C1=CC2=CN=NC=C2C=C1;2.66
C1=CC2=CN=CN=C2C=C1;2.71
C1=CC=C2N=C3C=CC=CC3=CC2=C1;4.4
O1C=CC2=C1C=CC=C2;2.89
[NH]1C=CC=N1;1.29
[NH]1C=CN=C1;2
C1=CC=NN=C1;1.59
C1=CN=CN=C1;1.25
C1=CN=CC=N1;1.18
C=CCC1=CC=CC=C1;3.19
OC1=C(I)C=C(C=C1I)[N+]([O-])=O;4.81
FC1=CC(=C(C(=C1F)F)[N](=O)=O)F;4.87
OC1=C(F)C=C(Br)C=C1[N+]([O-])=O;4.62
OC(=O)C1=CC(=CC=C1O)Cl;2.6
FC1=C2C=CC=CC2=CC=C1;3.39
FC1=CC=C(C=C1)C2=CC=CC=C2;3.53
[O-][N+](=O)C1=CC(=C(F)C=C1F)[N+]([O-])=O;5.08
OC1=C(C=CC(=C1)[N+]([O-])=O)[N+]([O-])=O;4.04
CCCCCCCCCC(O)=O;3.506
FC1=CC=C(C=C1Cl)[N](=O)=O;3.8
[O-][N+](=O)C1=CC=C(F)C=C1;3.1
CCSCC;2.02
FC1=CC=C(F)C(=C1)[N](=O)=O;3.33
OC1=C(F)C=C(F)C=C1;3.6
NC1=CC(=C(C=C1[N](=O)=O)[N](=O)=O)F;4.69
NC1=CC=C(F)C=C1;3.59
OC1=CC=C(F)C=C1;3.02
FC1=CC=CC=N1;1.8
OC1=C(Cl)C=C(F)C=C1Cl;3.8
NC1=C(C=C(F)C=C1)C(F)(F)F;2.98
OC1=C(C=C(F)C=C1)[N+]([O-])=O;4.38
OC1=CC=C(C=C1)C(F)(F)F;3.62
FC1=CC=CC(=C1)[N](=O)=O;3.2
OC1=C(F)C=C(C=C1)[N+]([O-])=O;4.07
CC(=O)C(C)=O;2.77
FC(F)(F)C(=O)C1=CC=CC=C1;2.99
OCC1=C(F)C(=C(F)C(=C1F)F)F;2.8
OC1=CC(=CC=C1[N](=O)=O)F;4.12
OCC1=CC=CC=C1F;2.33
FC1=C(C=O)C=CC=C1;3.079
CCOC(=O)C1=CC=C(F)C=C1;3.01
CC1=CC(=C(O)C=C1)O;3.37
OCC1=CC(=CC=C1)F;2.61
OCC1=CC=C(F)C=C1;2.38
FC1=CC=C(C=O)C=C1;2.873
CCCCCCC(=O)CCCCCC;4.521
OC1=C2C(=O)C=CC(=O)C2=C(O)C=C1;5.83
OC1=CC=CC2=C1C(=O)C=CC2=O;6.33
CC1=CC(=O)C2=C(C=CC=C2O)C1=O;5.2
OC1=CC(=C(C=O)C(=C1)O)O;3.128
CCOC1=C(O)C(=CC=C1)C=O;3.85
S1C=CC=C1C2=CC=CS2;4.04
ONC(=O)C1=CC=CC=C1;3.38
C\C=C(\C)C=O;2.86
COC1=C(O)C=CC(=C1)C(C)=O;2.88
O=CC1=COC=C1;3
O=CC1=CSC=C1;3.4
O=CC1=CC=CN=C1;2.87
OCCC1=CC=C(O)C=C1;2.17
O=C1CCCCCO1;1.739
CC(C)CC(O)=O;2.659
O=C1CCCC(=O)C1;2.071
C1CSCCS1;2.89
OC(=O)CCCCCCC(O)=O;2.488
CO[P](=O)(OC)OC;1.18
CC(=C)CO;1.337
CC(=O)C(Cl)Cl;3.641
O=C1C=CC2=CC=CC=C2C1=O;6.2
O=C1C=C(OC2=CC=CC=C12)C3=CC=CC=C3;4.41
CC1=C(C)C(=C(C)C(=C1O)C)O;4.28
CC1=CC(=C(O)C(=C1)C)C;3.42
[O-][N+](=O)C1=C(C=CC=C1)[N+]([O-])=O;4.25
CC1=CC=CC=C1C#N;2.76
O=C(N=C=S)C1=CC=CC=C1;3.097
CCOC(=O)C(Br)CC;3.764
OC1=CC=C(O)C(=C1)O;3.44
NC(CO)CO;1.324
ClCC(=O)CCl;5.046
CNC(=S)NC;1.89
CC1=C(O)C(=CC(=C1)[N+]([O-])=O)[N+]([O-])=O;4.73
CCOC(=O)C(C)Br;4.057
CCOC(=O)C(C)Cl;2.569
OC(=O)C1=CC=CC(=C1)Cl;2.87
C#CC1=CC=CC=C1;2.86
CCCCOC(=O)\C=C\C1=CC=CC=C1;4.53
CCCCCC1=CC=CC=C1;4.79
CCOC(=O)CCBr;3.126
CCCCC(=O)OCC;2.642
CCOC(=O)CCC(C)=O;1.6
CCC(=O)OCC(C)C;2.307
OCCBr;2.154
CC(=O)OC(C)(C)C;1.51
CC(C)CC(N)=O;1.34
ClC1=CC(=CC=C1)Cl;3.56
CC(C)CCC#N;2.214
CC(C)COC=O;1.692
CCN=C=S;4.627
CCCCCC(C)O;2.53
CCCCCCCl;3.78
N#CCCCC#N;1.363
ClC(Cl)(Cl)C#N;4.883
S=C=NC1=CC=CC2=CC=CC=C12;5.137
COC1=CC=C(C(C)=O)C(=C1)O;3.55
[O-][N+](=O)C1=C(C=O)C=CC=C1;3.17
NC1=CC=C(Cl)C=C1Cl;3.56
CCC(=O)OC;1.391
OC1=CC=CC(=C1)[N+]([O-])=O;3.51
[O-][N+](=O)C1=CC=C(C=O)C=C1;3.2
[O-][N+](=O)C1=CC=C(CC#N)C=C1;3.13
ICC=C;3.796
CC(C)=CCO;1.761
CC\C=C/CC\C=C\C=O;4.34
[O-][N+](=O)CBr;4.638
CC(C)C(C)=O;1.831
CC(C)C(O)C#C;2.973
CC(C)C(Br)C(O)=O;2.451
CC1=CC=C(C)C2=C1C=CC=C2;4.43
OC1=CC=CC(=C1Cl)Cl;4.28
CC1=C(O)C(=CC=C1)C;2.92
CC1=C(O)C(=C(Br)C(=C1Br)Br)Br;5.57
BrC1=CC=CC=C1[N](=O)=O;3.75
OC1=CC=C(C(=C1)[N](=O)=O)[N](=O)=O;3.27
CCC1=C(N)C(=CC=C1)CC;3.31
CC(CN)C1=CC=CC=C1;2.72
OCC(=O)C1=CC=CC=C1;3.08
CC1=C(C)C=NC=C1;2.5
CC1CCCCC1=O;2.19
OC1=CC(=C(O)C=C1)Br;4.68
OC1=CC(=CC=C1Cl)Cl;4.13
CCC(O)CC;1.756
BrC1=C(C=C(C=C1)[N](=O)=O)[N](=O)=O;5.31
CCCC(Br)C(O)=O;2.958
CC(C)(C)C1=CC(=CC=C1)O;3.74
CC(Br)C1=CC=CC=C1;2.331
BrC1=CC(=CC=C1)[N](=O)=O;4.03
CC(C)C1=CC=C(Br)C=C1;3.85
BrC1=CC=C(C=C1)[N](=O)=O;3.38
CCC1=CC(=CC=C1)N;2.97
CC1=CC=CC(=C1)CO;2.76
ClC1=CC=CC(=C1)C=O;3.406
CNCCC1=CC=CC=C1;2.59
CCC1=CC=C(N)C=C1;3.03
C\C=C\C(=O)OCC(C)C;2.66
CCCCC(O)CC;2.51
CCCCCC(O)CC;2.94
CCCCOC(=O)CC;3.17
BrCC#N;5.229
CC(C)CC=O;2.67
OC(=O)CCBr;2.956
OC1=CC=CC(=C1)Br;4.15
NC1=CC(=CC=C1)O;2.48
COC1=CC=CC(=C1)C=O;3.23
OC1=CC(=CC(=C1)Cl)Cl;4.56
IC1=CC=CC=C1;3.36
CCCCC(C)=O;1.657
CC(=O)OCC=C;3.48
CCCCOC(N)=O;2.034
CCCCN=C=S;4.721
CCCCCCCCCCCC(C)=O;5.119
CCC(C)(C)N;2.302
NC(=O)C(Cl)(Cl)Cl;2.712
CC[S](=O)(=O)CC;1.16
CCCC[S](=O)(=O)CCCC;2.744
CC(O)C=C;1.947
OCC(Cl)Cl;2.01
CNC(N)=S;1.63
COC(N)=O;1.025
CCN(C)C;2.092
CC(C)C(C)O;2.004
COC(=O)C(C)(C)C;1.72
CC[S](=O)(=O)C1=CC=CC=C1;2.21
CCOC(=O)C(C)(C)Br;3.152
CC(C)C(O)C(C)C;2.295
OC1=C(C(=CC=C1)O)[N](=O)=O;3.66
NC1=C(C=CC=C1[N](=O)=O)[N](=O)=O;3.84
OC1=C(C=CC2=CC=CC=C12)[N+]([O-])=O;4.36
[O-][N+](=O)C1=CC=CC2=C1C=CC=N2;3.39
[O-][N+](=O)C1=CC=CC2=CC=CN=C12;3.08
CCOC(=O)C(CC1=CC=CC=C1)C(=O)OCC;3.71
CC1=C(C)C(=CC=C1O)O;4.41
OC1=C(Br)C(=C(Br)C(=C1Br)Br)Br;5.66
CCOC(=O)C(C)C(=O)OCC;2.489
CCOC(=O)C(Br)C(C)Br;4.438
CCOC(=O)C(Br)C(C)C;3.021
OC1=C(I)C=C(I)C=C1I;5.67
NC(=O)C1=CC=CO1;1.56
OC1=C(C=C(Cl)C=C1Cl)[N](=O)=O;4.75
NC(=O)C1=CC=CC=C1[N+]([O-])=O;2.28
CC1=CC=C(C(=C1)[N+]([O-])=O)[N+]([O-])=O;4.52
OC(=O)C1=C(Br)C=CC(=C1)Br;2.69
OC1=CC=C(Cl)C(=C1)[N](=O)=O;4.27
[O-][N+](=O)C1=CC=C(Cl)C=C1Cl;3.99
OC1=C(C=CC=C1)C#N;3.04
[O-][N+](=O)C1=CC=CC=C1C#N;4.08
OCC1=C(C=CC=C1)[N](=O)=O;2.85
BrCC(=O)C1=CC2=CC=CC=C2C=C1;5.959
O=C(C#N)C1=CC=CC=C1;3.31
CCN(C)C1=CC=CC=C1;3.29
NC1=C(I)C=CC=C1;3.35
OC1=CC=C(Br)C=C1Br;4.4
CC1=CC(=C(N)C=C1)Cl;3.18
CC1=CC(=C(Cl)C=C1)O;3.54
CCCC(Br)C(=O)OCC;3.699
CCCCC(Br)C(O)=O;3.455
CCC(N)CC;2.187
CCC(O)C=C;1.653
NCC(O)CN;1.573
CCN(C)CC;2.244
CC1=CSC=C1;2.3
CCOC1=CC(=C(N)C=C1)[N+]([O-])=O;3.76
CC(C)(O)C1=CC=CC=C1;2.43
CC(N)C1=CC=CC=C1;2.82
CC(C)C1=CC(=CC=C1)O;3.61
OC(=O)C1=CC(=CC(=C1)Br)Br;3.46
ClC1=CC(=CC(=C1)Cl)[N](=O)=O;4.13
NC1=CC(=CC(=C1)[N+]([O-])=O)[N+]([O-])=O;3.94
OC1=CC=C(C=C1Cl)[N+]([O-])=O;4.18
[O-][N+](=O)C1=CC(=CC=C1)C#N;3.45
OCC1=CC=CC(=C1)[N](=O)=O;2.78
COC(=O)C1=CC=C(Br)C=C1;3.6
COC(=O)C1=CC=C(C=C1)[N+]([O-])=O;3.39
NC(=O)C1=CC=C(Cl)C=C1;3.09
[O-][N+](=O)C1=CC=C(C=C1)C#N;3.57
OCC1=CC=C(C=C1)[N+]([O-])=O;3.12
NC(=O)C1=CC=C(C=C1)[N+]([O-])=O;3.18
CCC1=CC=CC(=C1)O;3.29
CC1=CC(=CC=C1)C#N;2.75
CC1=CC=CC(=C1)C=O;3.081
OCC1=CC(=CC=C1)O;1.98
BrCC(=O)OC1=CC=CC=C1;5.076
[O-][N+](=O)C1=CC=C(OC2=CC=CC=C2)C=C1;4.58
C(C1=CC=CC=C1)C2=CC=CN=C2;3.68
CC(=O)NC1=CC=CC(=C1)O;2.84
COC1=C(O)C=C(C=O)C=C1;2.86
NC(=S)NCC1=CC=CC=C1;3.66
NC(=O)COC1=CC=CC=C1;2.27
ClCCC1=CC=CC=C1;3.17
O\N=C/C1=CC=CC=C1;2.89
CCSC1=CC=CC=C1;3.3
NC(=O)OC1=CC=CC=C1;2.61
CCOC1=CC=C(O)C=C1;3.01
S=C=NCC1=CC=CC=C1;5.74
ClC1=CC=C(C=C1)C#N;3
COC1=CC=C(Cl)C=C1;3.6
O=CC1=CC=C(C=O)C=C1;2.914
CC/C=C(C)/C=O;2.98
CCCC(O)CC;2.15
CCCC(=O)OC;1.754
COC(=O)\C=C\C;2.08
CCOC(=O)C#C;4.7
CCOC(=O)CI;5.921
CCOC(=O)CCCl;2.502
CCO[S](=O)OCC;2.01
CCCO[S](=O)OCCC;3.086
CCCCC(Br)CBr;4.146
CCCCC(=O)OC;2.155
CCCCCCC(O)CC;3.36
CCCCCOC(=O)CC;2.957
NNC=O;2.129
CC(C)(C)CCO;2.263
CC(C)CC#N;2.124
CCCC(C)N;2.315
CC(O)CC=C;1.483
C/C=C/C(C)=O;3.54
OC(=O)CC=C;2.358
CCNC(C)=O;1.299
CCNC(N)=S;1.87
CC1=CC=C(C)O1;2.52
NC1=CC=CC(=C1)I;3.65
OC1=CC(=CC=C1)I;4.12
CC(C)CCCO;2.363
CCCCC(C)O;2.07
OC(=O)CCCCl;2.323
CCCC[N+]([O-])=O;2.31
OCCCBr;2.067
OCCC=C;1.305
OCCCCl;1.601
CCCNC;2.191
CCCCCC(N)=O;2.092
C\C=C\COC(C)=O;2.13
ClCCCC#N;2.07
CCCN=C=S;4.693
CCCCCOC(C)=O;3.163
CCCCCC#N;2.624
CCCCCCCC(C)O;3.618
CCCCCCCBr;4.487
CCCCCCC#N;2.763
CCCCCN=C=S;4.706
CCCCCCOC=O;2.618
N#CCCCCCCC#N;2.23
CC(C)(C)C#N;1.675
CCOC(=O)C(Br)(Br)C(=O)OCC;5.137
NC1=C(Cl)C(=C(Cl)C=C1)Cl;4.35
OC1=C(C=O)C=C(Cl)C=C1;4.009
CC(=S)NC1=CC=CC=C1;2.99
BrCCCC1=CC=CC=C1;3.69
O=C1CCC(=O)CC1;1.332
CCOC(=O)C=C(C)C;2.52
CCCCC(Cl)=O;2.655
CCCCCOC=O;2.217
CC(C)C1=CC=CC=C1N;3.12
CC1=CC=C(C=C1)C2=CC=CC=C2;4.66
NC(=O)C1=CC=CC(=C1)[N+]([O-])=O;2.81
CCCC1=CC=C(O)C=C1;3.64
N#CCCC1=CC=CC=C1;2.84
FC1=C(F)C(=C(C=O)C(=C1F)F)F;3.82
CC#CC1=CC=CC=C1;3.19
NC(=O)CBr;4.523
NC(=O)C(Cl)Cl;2.023
CCOC(=O)C(Br)C(=O)OCC;5.215
CCN(CC)C(C)=O;1.458
CCCCC(CC)COC(=O)C(C)=C;4.57
OC(=O)CCCCCCCCCCC(O)=O;2.914
CCCCCCCCC(C)=O;3.582
CCCCCOCCCCC;4.09
CC1=CC(=C(C)C(=C1)O)C;3.36
[O-][N+](=O)/C=C/C1=CC=CO1;5.04
CC1=CC=C(C(=C1)O)[N+]([O-])=O;3.59
OC1=C(C=CC(=C1)C=O)[N](=O)=O;3.27
CCCC(O)CC1=CC=CC=C1;3.16
CCCCCC1CCCC(=O)O1;2.923
CCCCCCC1CCC(=O)O1;3.493
OC1=CC=C2C=CC=CC2=C1C=O;4.32
IC1=CC=C(C=C1[N](=O)=O)[N](=O)=O;5.12
CC(C)(C)C1=CC(=C(O)C(=C1)C(C)(C)C)C(C)(C)C;3.36
CC(C)(C)C(N)=O;1.519
CCC(=O)N(C)C;1.426
CC(C)(C)OC=O;1.628
CC(=O)NC(C)(C)C;1.842
CC(=C)CCO;1.82
CC#CCO;2.132
CCCC#CCO;2.616
CC1=CC=C(Br)S1;3.65
COC1=C(Cl)C=CC=C1;3.22
ClC1=CC=CC(=C1)C#N;2.94
CCC1=CC=C(CO)C=C1;3.07
O[C]12C[CH]3[CH2]C([CH2][CH](C3)C1)C2;2.92
CC1=CC(=C(C#N)C(=O)N1)C;2.3
OC1=C(F)C(=CC(=C1F)F)F;4.17
C=COC(=O)C1=CC=CC=C1;3.08
CC(C)(C)C1=CC=C(N)C=C1;3.36
OC1=C(F)C(=C(F)C(=C1F)F)F;4.63
OC1=C(F)C(=C(O)C(=C1F)F)F;4.84
FC1=CC=C(C(=C1F)F)[N](=O)=O;4.89
OCCC1=CC=CC2=CC=CC=C12;3.27
CC(Br)C(C)=O;4.854
CCC(=O)CBr;5.602
CCCCCCCC(=O)OC=C;2.7
OCCOC(=O)C=C;3.69
OCCCC=C;1.785
CCCCCCCC(C)=O;3.66
COC1=C(O)C=CC(=C1)O;5.2
OC1=C(Cl)C=C(O)C(=C1)Cl;4.81
NC1=C(C=C(Br)C=C1Br)[N](=O)=O;4.62
C=CC1=CC2=CC=CC=C2C=C1;4.24
OC1=CC=C(OC2=CC=CC=C2)C=C1;4.36
OC1=CC=CC=C1C(=O)C2=C(O)C=CC=C2;4.16
[O-][N+](=O)C1=CC=C(NC2=CC=CC=C2)C=C1;4.89
O=C1C=C(C(=O)C=C1C2=CC=CC=C2)C3=CC=CC=C3;4.48
CC(=C)C(=O)OCCO;1.92
BrC1=CSC=C1;2.96
CCC1=CC=CS1;2.57
ClC1=C(C=CC=C1)C#N;3.28
OC1=CC=CC(=C1)C#N;2.94
OCC1=CC(=CC=C1)Cl;3.15
OCC1=CC=C(Cl)C=C1;3.25
NC1=C(Br)C=C(Cl)C=C1Br;4.52
ClC1=CC(=C(C=O)C=C1)Cl;4.04
CCCSC1=CC=CC=C1;3.86
CC(=O)C1=CC=C(O)C=C1C;3.19
C[N]1C(=CC2=CC=CC=C12)C;3.84
CC1=CC=C2N=C(C)C=CC2=C1;3.68
CC(C)(C)C1=CC=C(CO)C=C1;3.48
[O-][N+](=O)C1=CC(=C(Cl)C(=C1Cl)Cl)Cl;4.78
FC1=C(F)C(=C(C(=C1F)F)[N](=O)=O)F;5.43
CC1=CC=C2C=CC=CC2=C1[N+]([O-])=O;4.04
CCC(=C)C=O;3.91
COC(=O)C#C;4.77
OC(CC=C)C=C;3.25
COC(=O)C=C(C)C;1.94
CCCOC(=O)C=C;3.53
CCCNC(N)=S;2.31
OCCCCCl;2.241
OCCCCC#C;1.705
C/C=C/CCCO;2.246
CCC/C=C/CO;2.528
CC\C=C/CCO;2.191
O=C1CCC=C1;3.64
C[N]1C=CC=C1C(C)=O;2.31
C[N]1C=CC(=C1)C(C)=O;2
OC1=C(Cl)C(=CC(=C1Cl)Cl)Cl;5.22
NNC(=O)C1=CC=CC=C1O;3.18
NNC(=O)CC1=CC=CC=C1;2.52
C1=CC=C(C=C1)C2=CC=NC=C2;3.66
[O-][N+](=O)C1=CC(=CC=C1Cl)C#N;4.71
C=CCOC(=O)C=C;3.68
CC(O)COC(=O)C=C;3.65
CCC#CCCO;1.976
O=CC1=CC=C[NH]1;2.52
N#CC1=CC=CS1;2.24
CCC(=O)CC1=CC=CC=C1;2.79
C1=CC=C(C=C1)C2=CC=CC=N2;3.27
CCCCC(=O)C1=CC=CC=C1;3.56
ClC1=CC=CC(=C1)C(=O)C2=CC=CC=C2;4.55
CC(=O)NN;1.62
CCOC(=O)C(NC(C)=O)C(=O)OCC;1.796
CCCCC(=C)C=O;4.07
NNC(=O)CCCCC(=O)NN;1.626
CC(=O)C1=C[NH]C=C1;2.15
CC(=O)C1=CC=C[NH]1;2.09
OC1=CC(=C(O)C=C1)C2=CC=CC=C2;5.01
CCO[P](=O)(CC1=CC=CC=C1)OCC;2.57
COC(=O)CCCC(=O)OC;1.832
CCC\C=C\C(C)=O;3.7
OC(=O)CCCCCl;2.714
CCCCCCCCC(O)CO;3.764
CCCCCCCCC(C)O;3.99
CC1=CCCC1=O;2.17
O=CC1=CC=CC=N1;2.86
CC(=O)C1=CC=NC=C1;2.13
[O-][N+](=O)C1=CC=NC=C1;3.41
BrC1=CC=C(C=O)C=C1;3.587
CC(CO)C1=CC=CC=C1;2.6
CC1=CC(=C(Cl)C=C1C)O;3.69
COC(=O)C1=CC=C(Cl)C=C1;3.42
CCC1=CC=CC2=C1C=CC=C2;3.89
COC(=O)C1=CC=C(C=C1)C#N;2.95
O/N=C/C1=CC=C(C=C1)[N](=O)=O;3.68
NC1=CC=C(C=C1)C(=O)C2=CC=CC=C2;3.68
CC(C)(C)C1=CC(=CC(=C1)O)C(C)(C)C;4.64
OC1=C(O)C(=C(C=C1)C(=O)C2=CC=CC=C2)O;3.88
CCC(=O)NC;1.474
CC(=O)C1=CC=CO1;1.96
CC(=O)C1=CC=C(C)O1;2.17
OC1=CC=C(O)C(=C1)C=O;3.277
CC(C)(C)C1=CC=C(O)C(=C1)N;3.37
CC(=O)C#C;4.96
CC(=O)OC1=CCCCC1;2.6
CC1=C(F)C=C(C=C1)[N+]([O-])=O;3.33
CC(=O)C1=CC=C(C=C1)C#N;2.63
CC1=CC(=C(O)C=C1)C(C)=O;3.31
BrCC(=O)C1=CSC=C1;5.22
COC(=O)CCCCCCCCCCCC(=O)OC;4.654
ClC\C=C/CCl;4.022
C=C[N]1C2=CC=CC=C2C3=CC=CC=C13;5.24
NC1=CC(=CC=C1)OCC2=CC=CC=C2;3.88
FC1=CC=CC=C1[N](=O)=O;3.23
OCC#CC1=CC=CC=C1;3.07
CCCCNC(N)=S;2.81
COC1=CC=CC(=C1)C#N;3.01
CCC(C)(O)C1=CC=CC=C1;3.06
C/C=C/C(C)O;1.599
SC1CCCCC1;2.996
CC1=C(O)C=CC(=C1)Cl;3.7
COC(=O)C1=CC=C(C=O)C=C1;3.3
CC\C=C/CO;1.895
CC/C=C/CC(O)=O;2.778
CCC1=CC=C(Br)C=C1;3.67
OCC1=CC2=CC=CC=C2C=C1;3.39
CC(Cl)C#N;2.137
CCC(=O)C=C;4.52
CCCC(=O)C=C;4.66
CCCCCCCS;4.02
CCCCCCCCCC(C)O;4.58
CCCCCCCCCCCC(C)O;5.17
CC(C)(C)OC(=O)C=C;3.27
CCCC\C=C\C(C)=O;3.74
CCCCCCC(=O)C1=CC=CC=C1;4.56
CCCCCCCC(=O)C1=CC=CC=C1;4.89
CCC#CC(C)=O;4.32
CC1CCOC1=O;1.81
COC1=C(O)C=C(N)C=C1;3.45
OC1=CC=C(C=C1)N=NC2=CC=CC=C2;4.66
OC1=C(Br)C=C(C=C1Br)C#N;4.16
CC(=O)C(Cl)C(C)=O;4.444
CCCCCCCCC(=O)OC;4.04
CCCCCCCCCCC(=O)OC;4.425
COC(=O)CCCCCCC(=O)OC;3.296
OC1=CC=CC=C1CC=C;3.33
OC1=C(C=O)C=C(Br)C=C1;4.107
OC1=C(C=CC=C1)C2=C(O)C=CC=C2;3.88
NC1=C(C=C(C=C1Br)[N+]([O-])=O)[N+]([O-])=O;4.24
CCCC1=C(N)C=CC=C1;3.08
C=CSC1=CC=CC=C1;3.42
CC(C#N)C1=CC=CC=C1;3.01
FC1=C(C#N)C(=C(F)C(=C1F)C#N)F;5.55
CCCCCC#CC=O;4.72
CCCCCCC#CC(O)=O;3.714
CCCCC\C=C\C(O)=O;3.209
OCCC1=CC=C(Cl)C=C1;3.32
CC1=CC(=C(O)C(=C1)C)C(C)(C)C;4.16
OCC(C1=CC=CC=C1)C2=CC=CC=C2;3.65
NC1=C(C=CC=C1)C#N;2.5
ClC1=C(C=C(C=C1[N](=O)=O)C#N)[N](=O)=O;5.66
CCC(=O)OCC#C;2.345
OCCCCCCCl;2.727
CCCCCCCCCCN;5.056
BrC1=NC(=C(Br)[NH]1)Br;4.43
CC1=C(C=C(O)C=C1)[N](=O)=O;3.74
N#CCCCC1=CC=CC=C1;3.15
CCOC(=O)C(CC=C)C(=O)OCC;2.944
CCCCCOC(=O)C1=CC=CC=C1;4.37
CCOC(=O)CCCCCC(=O)OCC;3.407
CCOC(=O)CCCCCCC(=O)OCC;3.702
CCCCCCC(O)CCC;3.85
CCCC(=O)OCC=C;2.365
CC(C)(Br)C(O)=O;2.416
OC(=O)CCCCBr;2.307
O=[N](=O)C1=CC=CC(=C1)C2=CC=CC=C2;4.57
C(C1=CC=CC=C1)C2=CC=NC=C2;3.63
OC1=C(O)C=C(Cl)C=C1;4.06
OC1=CC=C(C=O)C(=C1O)O;3.001
COC(=O)C1=CC(=CC(=C1)O)O;2.86
CCCC[S](=O)CCCC;2.743
ClC1=NC(=C(Cl)C(=C1Cl)Cl)Cl;4.71
C=COC(=O)C=C;4.42
CCCOC(=O)C(C)=C;2.35
COC1=C2C=CC=CC2=CC=C1;3.8
CCOC(=O)C#CC1=CC=CC=C1;4.67
NC(=S)C1=CC=CC=C1;3.09
CC(=O)C1=CC=C(Cl)C=C1Cl;3.62
NC1=CC=CC(=C1)C#N;2.53
CCCCCCCCC#N;3.625
CCCCCCCCCCC#N;4.65
S=C=NCCC1=CC=CC=C1;5.538
CCN(CC)C(=O)CCl;3.521
CCCOC(=O)C1=CC=CC=C1;3.42
OCC1=C(O)C=CC(=C1)Br;3.34
CC1=C(O)C(=CC(=C1)Br)C;4.16
CC1=NC2=CC=CC=C2N=C1C;3.25
CC(C)(C)C1=CC(=CC(=C1)C(C)(C)C)N;4.44
COC1=C(O)C=CC(=C1)CCO;2.82
CC(=O)C1=C(C)[NH]C=C1C;2.68
CCC(=O)OCC=C;2.121
CC1=CC(=C(O)C=C1)C(C)(C)C;4.3
CC1=CC=C(C)C(=C1C)O;3.28
BrCCC#N;2.5
OCCCCCCC1=CC=CC=C1;3.87
OC1=C(C=CC=C1C2=CC=CC=C2)C3=CC=CC=C3;5.113
CCCCCCCCCCCC#N;4.903
OC1=C(Br)C(=C(Br)C=C1Br)O;4.06
NC(=O)C1=CC=C(Cl)C=C1Cl;2.64
OC1=CC=C(C=C1)C(=O)CC2=CC=CC=C2;4.07
C=CC(=O)OCC1=CC=CC=C1;4.35
CC(=C)C(=O)OCC1=CC=CC=C1;3.65
CCC(=O)\C=C\C;3.92
CCCCCCCOC(=O)C=C;4.09
CCCCCCOC(=O)C=C;3.74
NCCCCCO;1.235
CCOC(=O)C1=CC=CC=N1;2.08
[O-][N+](=O)C1=CN=C(Cl)C(=C1)[N+]([O-])=O;5.64
CC1=CC(=CC=C1[N+]([O-])=O)O;4.73
OC(=O)CCCBr;2.229
S=C=NCCCC1=CC=CC=C1;5.538
OC1=C(C=O)C=C(I)C=C1I;5.34
[O-][N+](=O)C1=CC(=C(Cl)C(=C1Cl)[N+]([O-])=O)Cl;5.6
CN(C)C(=O)C=C;1.764
NC1=C(C=C(Cl)C=C1Cl)[N](=O)=O;4.26
IC1=CC=C(O1)C=O;3.33
N#CC(=CC1=CC=CC=C1)C#N;3.64
NCCC1=NC=CC=C1;2.26
CC(CCO)C1=CC=CC=C1;3.01
NC(=O)C1=CC=C(N)C=C1;2.09
CC1=C(O)C=CC(=C1)N;4.31
COC1=CC=CC(=C1)Cl;3.29
OCCCC1=CN=CC=C1;2.16
ClC1=CC=C(Br)S1;3.75
FC1=CC(=C(F)N=C1F)F;2.39
COC(=O)C1=CC(=CC=C1Cl)Cl;3.81
N#CC1=CC=C(C=C1)C2=CC=CC=C2;4.24
OCC1=CC=CC=C1C2=CC=CC=C2;3.82
CC(O)CCC(C)O;1.04
CCOC(=O)CCCBr;2.971
OC1=C(Br)C=C(C=O)C=C1Br;3.89
CC(C)(N)C#C;2.09
CC(C)(C)CC=O;2.626
CCCCCOC(=O)C=C;3.54
N#CSCC1=CC=CC=C1;4.05
ClC(Cl)C#N;3.973
CCCCCC(=O)OC=C;3.08
C=CC(=O)OC1CCCCC1;3.76
NC1=NC=C(C=N1)[N+]([O-])=O;2.57
CC1=C(N)C=CC(=C1C)O;4.44
BrC1=CC=CC(=C1)C=O;3.506
CCC(=O)C1=CC=CO1;2.23
CCC(Br)C(=O)OC;4.024
CCC1=CC=CO1;2.48
[O-][N+](=O)C1=CC=CC(=C1Cl)Cl;4.07
OC1=C(Cl)C=C(Br)C=C1Cl;4.78
O=CC1=CC=C(C=C1)C2=CC=CC=C2;4.12
N#CC(=CC1=CC=CO1)C#N;3.94
CC(=C)CCC(C)=O;2.125
BrC(Br)C#N;5.398
CC1=CC=C(CCN)C=C1;2.96
OC1=C(O)C(=CC(=C1O)[N+]([O-])=O)[N+]([O-])=O;4.18
OC1=CC=C(C=C1O)[N](=O)=O;4.17
OCCCCC1=CC=CC=C1;3.12
COC(=O)CCBr;4.027
BrC1=CC(=C(Br)C=C1)[N](=O)=O;4.37
NC1=C(Cl)C(=CC(=C1Cl)Cl)Cl;4.76
FC1=NC(=C(F)C(=C1F)Br)F;2.87
NC1=C(Cl)C=C(C=C1[N](=O)=O)[N](=O)=O;4.12
CCCC(=O)NN;2.028
NC1=CC=C(CC#N)C=C1;2.24
S=C=NC(C1=CC=CC=C1)C2=CC=CC=C2;6.051
OCC1=CC=C(C=C1)C2=CC=CC=C2;3.92
CCOC(=O)C(Br)CBr;5.208
[O-][N+](=O)C1=CC(=C(Cl)C=C1Cl)[N+]([O-])=O;5.72
FC1=CC(=CC(=C1)I)[N](=O)=O;4.09
CCCCCCC\C=C\C=O;4.85
OC1=CC=C(C=C1NC(=O)CBr)[N](=O)=O;3.87
CC(C)(C)C1=CC=C(Br)C=C1;3.75
CC(C)(C)C1=CC=NC=C1;3.2
S=C=NC1=CC=C(C=C1)N=C=S;6.347
CC(Cl)C(C)=O;3.269
CC(C)(C)C1=CC(=C(O)C(=C1)[N](=O)=O)[N](=O)=O;4.8
O=[N](=O)C1=CC(=CC(=C1)C#N)[N](=O)=O;4.22
CCCC(N)CO;2.328
CCC(Cl)C(O)=O;2.648
CCC(O)C#C;1.822
NC1=NC=C(C=C1)[N+]([O-])=O;3.22
OC1=NC=C(Cl)C=C1;2.25
OC(=O)CCCCCBr;3.031
CC(=C)C(=O)OC=C;2.38
OC1CC2=CC=CC=C2C1;2.31
CC1=CC2=C(O1)C=CC=C2;3.62
OCCCCCCBr;3.007
CCCCCC(=O)C=C;4.92
CC\C=C\C=C\C=O;3.862
[O-][N+](=O)C1=C(Cl)N=CN=C1Cl;5.12
CCCC(C)(O)C#C;2.1
CCOC(=O)C#CC;3.51
N#C\C=C\C1=CC=CC=C1;3.16
CCCC(C)(O)C#CC;2.52
COC1=C(O)C=C(CO)C=C1;2.01
CCCCCCN=C=S;4.75
COC1=CC(=CC=C1O)C#N;2.97
CCC(=O)C(=O)CC;2.99
COC1=CC(=C(C=O)C=C1OC)OC;2.9
CCCCC1=CC=CO1;3.44
[O-][N+](=O)C1=CN=C(Br)C=C1;4.07
N#CC1=CC=C[NH]1;2.42
[O-][N+](=O)C1=CC=C(S1)C=O;4.98
[O-][N+](=O)C1=CN=C(Cl)C=C1;3.8
CCOC(=O)C(C#N)C1=CC=CC=C1;2.98
CCCCC(=O)\C=C\C;4.01
OCC(O)CBr;1.79
O=CC1=CC2=CC=CC=C2C3=C1C=CC=C3;4.708
OC1=C(C#N)C(=C(O)C=C1)C#N;2.56
CCC1=CC=C(C=O)C=C1;3.291
CC(=O)OCCCCBr;3.392
OCC1=C2C=CC=CC2=CC=C1;3.13
CCCC(O)C=C;2.189
BrCCSC1=CC=CC=C1;3.39
CC(C)(CC(O)=O)CC(O)=O;2.336
CCCCCC1=CC=CS1;4.2
COC(=O)CCCBr;3.068
OC1=C(Cl)C(=C(Cl)C(=C1)Cl)Cl;5.72
C(CC1=CC=NC=C1)C2=CC=NC=C2;2.97
CC1=C(C(=CC=C1)O)[N+]([O-])=O;3.61
CCCCC(CC)COC(=O)C1=CC=C(O)C=C1;5.51
OCC1=CC=CC=C1I;3.33
OC1=C(C=CC=C1C=O)[N](=O)=O;3.87
COC(=O)C1=CC=C(C(=O)OC)C(=C1)[N+]([O-])=O;3.43
C=CCSC1=CC=CC=C1;3.69
CCOC1=CC=CC2=C1C=CC=C2;4.25
CCCNC(C)=O;1.502
BrCCCC#N;2.535
COCCCN;1.228
CC(O)(CC1=CC=CC=C1)C2=CC=CC=C2;3.8
CC(C)\C=C\C=O;3.82
NC1=C(C=C(Cl)C=C1[N+]([O-])=O)[N+]([O-])=O;4.15
OCCCC#C;1.58
CCCOC(=O)CCl;4.18
CCOC(=O)C1=CC=C(C=C1)C(C)(C)C;4.42
BrCCCCC#N;2.785
CC1=CC=C(C=C1O)[N](=O)=O;3.66
COC(=O)C(C)Br;4.18
CCCCCCC(Br)C(=O)OCC;4.5
COC(=O)C1=C(O)C=C(OC)C=C1;3.62
COC1=NC=C(C=C1)[N+]([O-])=O;2.99
CC(C)(Br)[N+]([O-])=O;4.854
CC1=C(C=CC=C1O)[N](=O)=O;3.78
[O-][N+](=O)C1=C(Cl)N=CC=C1;3.87
CC(=O)CCC1=CC=C(O)C=C1;2.5
C=C[S](=O)(=O)C1=CC=CC=C1;4.28
OC/C=C/C#C;2.445
CC1=CC(=NC(=N1)N)Cl;2.53
C#CCSC1=CC=CC=C1;3.54
CC(=O)OC1CC2CCC1(C)C2(C)C;3.68
CCCCCC#CC(O)=O;2.943
CCCCC(N)CO;2.415
CN(C)C1=NC=CC=C1;2.45
CCC1=CC=C(C=C1)C2=CC=CC=C2;4.97
CCCCOC1=CC=C(C=O)C=C1;3.716
CCCCCOC1=CC=C(C=O)C=C1;4.18
CCCCCCCC(O)CCCCC;5.24
CCOC(=O)C1=CC=C(Br)C=C1;4.33
NC(=O)C1=CC=CS1;2.03
CCOC(=O)\C(C)=C\C;2.504
NC(=O)CCCl;1.409
CC(Br)C(N)=O;3.004
CC1=C(C)N=CC=N1;2.13
CCCCCCC#CCO;3.649
NC1=CC=C(Cl)C=C1C#N;3.44
CCCC(C)O;1.84
OC\C=C/CO;0.851
C/C=C/CO;1.528
CCCCCC(=O)CC(C)=O;3.506
CCCCCCCCCCC(C)=O;4.67
CN(C)C1=CC=C(\C=C\C=O)C=C1;3.52
CCC#CCO;2.428
NC1=CC(=CC=C1Cl)[N+]([O-])=O;3.6
[O-][N+](=O)C1=C(Cl)C=C(Cl)C(=C1Cl)[N+]([O-])=O;5.19
BrCC(=O)C(=O)CBr;4.762
CCOC(=O)CCC(=O)CCC(=O)OCC;2.362
NC1=C(O)C=C(C(=C1)Cl)[N+]([O-])=O;4.17
NC1=CC(=CC(=C1O)Cl)[N+]([O-])=O;4.2
CC(C)CCOC(=O)C1=CC=C(O)C=C1;4.48
CC1=CC=CC(=C1C#N)Cl;3.46
OC1=CC=CN=C1Br;3.15
COC(=O)\C(C)=C\C;2.38
CC1=CC=C(O)C(=C1)Br;3.6
BrC1=CC=CC=C1C=O;3.477
OC1=CC=CN=C1Cl;2.99
NC1=CC(=C(Cl)C=C1[N](=O)=O)Cl;4.66
CCCCCCOC(=O)C1=CC=CC=C1;4.94
CCOC(=O)C(=C(C)C)C(=O)OCC;2.927
CCCCC(O)CO;1.733
CC1=CC(=C(C=C1C)[N+]([O-])=O)N;3.45
CC(=O)C1=CC=C(C)[NH]1;2.17
CC1=CC(=C(C=C1Cl)[N](=O)=O)O;4.63
CC1=CC(=CC=C1Br)[N](=O)=O;4.16
CCOC(=O)C1=CC=C(C=C1)C#N;3.37
N#C\C=C\C1=CC=CO1;2.69
CN(C)CC#C;1.855
CCCCOC1=CC=C(C=C1)[N+]([O-])=O;4.42
CC1=NC2=C(C=CC=C2)N=C1;3.02
ClC1=CC=C(S1)C=O;3.62
CCCCOC(=O)\C=C\C;2.84
CCCCCCCCCCCN;5.328
CCOC(=O)C1=CC=C(Cl)C=C1;3.75
CC/C=C/CBr;3.77
CCCCC\C=C\C(=O)OC;3.77
CCCCC(O)C#C;2.735
CCC(=O)CC(=O)CC;2.618
CCOC(=O)C(C)CC;2.111
CCC(Cl)C(N)=O;1.783
CC1=C(Br)C(=CC(=C1)O)C;4.27
CC1=C(O)C(=CC(=C1)Br)Cl;4.28
CC(C)CC(N)CO;2.381
OC1=C(C=C(Br)C=C1)[N+]([O-])=O;4.87
OC1=CC=C(C=O)C2=C1C=CC=C2;4.05
CCCOC(=O)/C=C/C1=CC=CC=C1;4.23
CCOC1=CC=C(C=O)C=C1;3.073
CCC(CC)COC(C)=O;2.88
CCCCCCC#CC(=O)OCC;4.38
CCCCCCCCCCC(C)O;4.66
CCCCCCCCC(O)CCC;4.65
CC#CCCO;1.825
CCC(C)OC(=O)\C=C\C;2.58
C=CC(=O)OCC#C;4.06
CCCCCC#CC(=O)OCC;4.24
OCCCCCC1=CC=CC=C1;3.42
BrCC(=O)C1=CC=CS1;5.222
[O-][N+](=O)C1=CC=C(Br)S1;4.41
NCCCCC1=CC=CC=C1;3.62
CCCCCCCCNC(N)=S;4.51
NCCCCO;2.025
CC(C)OC(=O)CC#N;2.05
C=CCOC(=O)CC#N;2.21
CCCCC(CC)COC(=O)CC#N;3.89
CC(C)(CO)CCl;2.218
CC(C)(C)C(=O)CCl;4.268
CC(=O)C1=CC=C(Cl)C(=C1Cl)Cl;4.34
OC1=C(O)C(=CC(=C1)C=O)O;2.804
CC\C=C/C(O)=O;2.723
CCOC(=O)C(Cl)C(=O)OCC;3.635
CCC1=C(Cl)C=CC(=C1)O;4.08
OC1=CC=C(CC#N)C=C1;2.62
CCCCC\C=C\C(C)=O;3.98
CCNCC1=CC=CC=C1;3.22
O=C\C=C\C1=CC=CC=C1;3.68
BrC1=CC=C(C=C1)C(=O)C2=CC=CN=C2;3.82
O=C(C1=CC=CC=C1)C2=CC=NC=C2;2.91
C/C=C/C(=O)OC=C;2.85
CC(O)CC1=CC=CC=C1;2.38
CCCC#CCCO;2.677
CCCCC#CCCO;3.017
CC1=C(C)C=CO1;2.49
CCCCCC1=CC=C(O)C=C1;4.58
OC1=CC=CN=C1[N+]([O-])=O;3.87
CC1=NC(=C(O)C=C1)[N+]([O-])=O;3.39
CC(C)(C)C1=CC=C(C=C1)C(=O)OC=C;4.57
CCCCCCCCOC(=O)CC#N;3.9
CC(=O)OCCCCCBr;3.293
OCC1=CC(=CC=C1)Br;3.37
CCCCOC(=O)CCCCCCC(=O)OCCCC;4.656
CCCC#CC(=O)OCC;3.7
C=CC[S](=O)(=O)C1=CC=CC=C1;3.31
CCCCCCCCC1=CC=C(N)C=C1;5.43
CC(C)C(N)CO;2.415
CCCNCCO;1.316
C/C=C/CC#N;2.047
BrC1=CC=C(CC#N)C=C1;3.6
ClC1=CC=C(C=O)C=C1[N](=O)=O;4.19
CCCCC#CC(=O)OCC;4.11
S=C=NCC1=CC=CC2=CC=CC=C12;6.056
NC(=O)C1=CC=CC=C1C#N;2.68
CC(C)(Br)C(=O)C(C)(C)Br;3.513
CCCCCCCCCCOC(=O)CC#N;4.7
OC(=O)CCCCCCCBr;4.323
OC1=CC=C(C=C1)C(=O)OC2=CC=CC=C2;4.37
C/C=C/C(=O)OC(C)C;2.218
CNC1=CC=C(C=C1)C(=O)OC;3.31
Cl\C(C=O)=C/C1=CC=CC=C1;4.73
CC1=NC(=CC=C1)Cl;2.52
CCCCC\C=C\CO;3.365
[O-][N+](=O)C1=C(Cl)C=C(Cl)C=C1Cl;4.43
CCCC/C=C/C=O;4.05
CCCCCC\C=C\C=O;4.6
CCCC#CC(=O)OC;3.76
CCCOC1=CC=C(O)C=C1;3.52
CCCCCOC1=CC=C(O)C=C1;4.36
CCCCCCOC1=CC=C(O)C=C1;4.64
OCC1=CC=CC=C1Br;3.1
BrCC(=O)OC1=CC=C(C=C1)[N](=O)=O;4.81
CC1=C(N=C=S)C(=CC=C1)C;4.495
ClC1=C(Br)C(=CC=C1)Cl;4.34
COC(=O)C1=CC(=CC=C1)O;2.95
CC(Br)C#N;3.626
O=C(\C=C\C1=CC=CC=C1)N=C=S;3.292
BrC1=CC=NC=C1;2.44
CC(O)CBr;1.812
CCC(O)CC#C;1.596
CCC#CCC(C)O;2.384
OCCC(C1=CC=CC=C1)C2=CC=CC=C2;4.04
[O-][N+](=O)C1=CC(=C(Cl)C(=C1)Cl)Cl;4.55
CC(=O)OCCCCCCl;2.869
C=C[S](=O)C1=CC=CC=C1;3.16
C/C=C/C(=O)OCC=C;2.519
CCC(=O)OC(C)(C)C;2.591
COC(=O)C/C=C/C;2.724
CC1=NC(=C(C)O1)C;1.99
CCC(O)C#CC;2.805
CCCCCCNC(N)=S;3.86
ClC1=CC=C(O1)C=O;3.07
CC\C=C/CCCCCC=O;3.949
CC1=CC=NC(=C1[N](=O)=O)O;2.5
CC1=CC(=NC=C1[N](=O)=O)N;3.37
CC1=C(C=NC(=C1)O)[N](=O)=O;2.83
BrC1=COC=C1;2.52
CCCCCC/C=C/CO;3.77
CCCCCCC/C=C/CO;4.128
CCCCCCCCC\C=C/CO;5.092
CCCC(O)C1=CC=CC=C1;2.91
ClCCCCCCC#N;3.287
CC1=C(C=NC(=C1)Cl)[N+]([O-])=O;3.42
CC1=C(C(=NC=C1)Cl)[N+]([O-])=O;3.29
OCCCCCCCCCl;3.488
COC(=O)C#CC;3.4
CCOC1=CC=C(C=C1)C(=O)OC;3.58
CC(N=C=S)C1=CC=CC=C1;5.699
CC(C)C1=C(N)C(=CC=C1)C(C)C;3.76
CCC(C)C(N)CO;2.341
OC1=C(O)C(=CC=C1)C=O;3.111
CCOC(=O)CC(C)O;1.47
O=CC1=CC=CC(=C1)C#N;2.98
CCOC(=O)CCCCCBr;3.594
CCC(O)CO;0.952
COC(=O)C1=CC=C(C=C1)C(C)(C)C;3.92
CC(C)(CN)CO;2.075
CC(Cl)C(N)=O;1.558
ClC1=CC(=C(C(=C1)Cl)[N](=O)=O)[N](=O)=O;5.42
OC1=C(CC2=CC=CC=C2)C=CC=C1;4.31
BrCC(=O)C1=CC2=CC=CC=C2OC1=O;5.658
CC(O)C(C1=CC=CC=C1)C2=CC=CC=C2;3.75
OC1=CC=C(C=C1)C2=CC=C(Br)C=C2;5.31
OC1=C(C=C(C=C1[N+]([O-])=O)[N+]([O-])=O)[N+]([O-])=O;2.84
COC1=CC(=CC(=C1OC)O)C=O;2.61
O=CC1=CC=C2C(=C1)CC3=C2C=CC=C3;4.499
CCCCCC#CCCO;3.34
CCCCCC\C=C\CO;3.752
O=C(CC#N)C1=CC=CO1;3.3
CCOC(=O)C=C(OCC)OCC;2.35
CCC#CC(O)CC;2.966
CCCC\C=C\CO;3.045
COC1=CC(=CC(=C1)Cl)Cl;3.93
CC1=CC=C(C=O)C2=C1C=CC=C2;4.123
CCC(C)N;2.329
CC#CCOC(C)=O;2.117
CNCC#C;2.018
CC1=CC=C2C=CC=CC2=C1C=O;4.231
NC1=C(C=CC2=C1C=CC=N2)[N+]([O-])=O;3.92
CC(=O)C1=CC(=C(C)C=C1O)C;3.71
CC1CC(=O)O1;2.241
COCC(C)N;2.167
COC1=CC=C(C=O)C(=C1O)Cl;3.204
CCCCCCCCCOC(=O)C1=CC=C(O)C=C1;5.63
O=C\C=C\C1=CC=CO1;3.37
CCCCCOC1=CC=C(N)C=C1;3.97
CCCCCCOC1=CC=C(N)C=C1;4.38
CCOC(=O)CC1=CN=CC=C1;2.06
ClC1=C(Br)C=CS1;3.73
CNCC(O)CO;1.466
CC(=O)C1=CC=C(O)C(=C1)C(N)=O;2.9
CCOC(=O)CCCC(=O)CC(=O)OCC;2.622
NC(=O)C1=CC(=CC=C1[N+]([O-])=O)Cl;2.68
CC(C)(CO)CBr;2.54
CC1=CC(=C(O)C(=C1)N)C;3.89
COC(=O)C1=CC=C(Cl)C=C1[N+]([O-])=O;3.82
OC1=CC(=C(C=C1)[N+]([O-])=O)C=O;3.33
OCCOC1=CC(=CC=C1)O;2.13
ClC1=CC=C(S1)C#N;2.92
CC1=CC(=C(C=C1[N+]([O-])=O)[N+]([O-])=O)Cl;5.33
CCCCCCC#CCCO;4.127
CCOC(=O)C1=CC=C(I)C=C1;4.53
O=C(CC#N)OC1CCCCC1;2.91
S=C=NCCCN=C=S;5.72
CC1=C(N)C=CC=C1O;2.45
CCC#CCC(O)CC;2.624
CCCC#CCC(O)CC;2.958
CCC(C)C(=O)OC;1.835
COC1=CC=C(Cl)C(=C1Cl)Cl;4.64
CCCCCCCCCCC#CCCO;5.377
CCOC(=O)C#CCC;3.82
OC1=C(Br)C=C(Br)C=C1C2=CC=CC=C2;5.21
CCOC(=O)CC(C)O;1.47
ClC1=CC(=C(Cl)C(=C1)Cl)C=O;4.72
ClC1=C(Cl)C(=CC=C1)Br;4.3
OC1=CC=C(C=O)C(=C1)Cl;3.89
CCOC(=O)CC1=CC=CS1;3.27
CCCCCCCCCC(=O)OCC=C;3.48
CCCC(CO)CCC;3.134
CCOC(=O)CC1=CC(=C(O)C=C1)OC;2.77
CC1=C(Cl)C(=C(Cl)C=C1)N;3.69
COC1=CC(=CC(=C1)O)Cl;3.76
CC(O)C#C;2.598
CCOC1=C(OC)C=CC(=C1)O;2.7
CCCCC/C=C/CCC=O;4.208
CCC(O)(CC)C(C)(C)C;2.831
CC1=C(C=O)N=C[NH]1;2.07
[O-][N+](=O)C1=CC=CN=C1SCC2=CC=CC=C2;4.72
OCC1=CC(=CC(=C1)[N+]([O-])=O)[N+]([O-])=O;3.53
C/C=C/C(=O)OC(C)(C)C;2.361
BrCC(=O)C1=C2C=CC3=CC=CC4=C3C2=C(C=C4)C=C1;5.387
CCCC(C)C(O)C#C;3.743
S=C=NC/C=C/N=C=S;5.74
CCC(O)CC1=CC=CC=C1;2.84
CCOC(=O)CC(O)CC#N;1.36
S=C=NC1=CC2=C(CCC2)C=C1;5.481
FC1=C(Cl)C=C(C=C1C=O)C(F)(F)F;4.24
CC1=C(F)C(=C(Cl)C=C1)C=O;3.74
OC(=O)C1=CC=C(Cl)C=C1Cl;2.61
CCOC(N)=O;1.35
OC1=C(Cl)C(=C(Cl)C=C1Cl)Cl;5.18
OC(=O)C1=CC=CC=C1;2.7
CCCCCC=O;2.827
OC1=CC=CC(=C1[N](=O)=O)[N](=O)=O;3.46
OC1=C(CC2=C(O)C3=CC=CC=C3OC2=O)C(=O)OC4=CC=CC=C14;4.7
OC1=C(Cl)C=C(Cl)C(=C1CC2=C(O)C(=CC(=C2Cl)Cl)Cl)Cl;6.04
CCCCO;1.569
CCC(C)(O)CCCC(C)C;3.34
CC(C)CBr;2.68
CC(C)CO;1.628
CC(N)CN;2.44
CC(=O)C=C;4.51
CC(O)CN;2.07
CCOC(=O)C(C)(C)O;1.43
CCC(Br)C(O)=O;3.122
CC1=CC=CC(=C1C)[N+]([O-])=O;3.56
OC1=CC(=O)C2=CC=CC=C2C1=O;3.8
CCCCOC(=O)C1=CC=CC=C1C(=O)OCCCC;4.6
ClCC1=C2C=CC=CC2=CC=C1;3.43
CC1=C(N)C=CC=C1Cl;3.38
ClC1=C(Cl)C(=CC=C1)Cl;4.21
CC1=C(Cl)C(=CC(=C1)O)C;4.2
CCC(CC)C(O)=O;2.848
OC1=CC(=C(C=C1)[N+]([O-])=O)C(F)(F)F;4.65
CC(C)C1=CC=CC=C1O;3.61
CC1=CC=CC=C1[N+]([O-])=O;3.26
NC1=CC=CC=C1[N+]([O-])=O;3.08
CC1=CC=C(Cl)C=C1[N+]([O-])=O;3.82
[O-][N+](=O)C1=CC(=C(Cl)C=C1Cl)Cl;4.53
ClC1=C(C=O)C=CC=C1;3.49
COC1=C(O)C=CC=C1;2.49
BrC1=C2C=CC=CC2=CC=C1;4.86
IC1=CC=CC2=CC=CC=C12;5.17
OC1=C(C=CC=C1)C2=CC=CC=C2;4.09
COC1=CC=CC(=C1O)OC;2.4
C1=CC=C2N=CC=NC2=C1;2.7
COC1=C(C=CC=C1)[N+]([O-])=O;2.93
CC(=O)C1=CC=C(C=C1)C2=CC=CC=C2;3.92
CCOC1=C(O)C=CC=C1;2.64
S1C=CC2=C1C=CC=C2;3.26
NC1=C(O)C=CC=C1;3.94
OC1=CC=CC=C1Cl;3.18
CC1=CC(=C(N)C=C1)C;2.71
CC1=CC(=CC=C1N)Cl;3.35
CC1=CC(=C(Cl)C=C1)Cl;4.07
CC1=CC=C(Cl)C(=C1)N;3.2
CCC(C)C=O;2.689
OCC(O)CCl;1.37
COC(=O)CBr;4.959
ClC1=CC=CS1;2.41
[O-][N+](=O)C1=CC(=C(Cl)C=C1)[N+]([O-])=O;5.16
CCCCOC(=O)C(C)=C;2.73
O=CC1=CC=CO1;2.98
ClC(Cl)(Cl)C1=CC=CC=C1;2.73
CC(O)C1=CC=CC=C1;2.34
[O-][N+](=O)C1=CC=C(Cl)C(=C1)Cl;4.16
NC1=C(O)C=CC(=C1)[N+]([O-])=O;3.47
CCC(C)C1=CC=C(O)C=C1;3.98
CC(C)C1=CC=C(O)C=C1;3.47
CC(=O)C1=CC=C(O)C=C1;2.7
CC1=CC=C(C=C1)[N+]([O-])=O;3.65
[O-][N+](=O)C1=CC=C(Cl)C=C1;3.43
NC1=CC=C(C=C1)[N+]([O-])=O;4.12
CCOC1=CC=C(C=C1)[N+]([O-])=O;3.83
ClCC1=CC=CC=C1;3.06
N#CC1=CC=CC=C1;2.48
OCC1=CC=CC=C1;2.17
ON=C1CCCCC1;2.204
COC1=CC=CC=C1;2.9
OC1=CC=CC(=C1)NC2=CC=CC=C2;4.01
COC(=O)CC1=CC=CC=C1;2.6
OC1=CC=C(OCC2=CC=CC=C2)C=C1;4.04
COC(=O)\C=C\C1=CC=CC=C1;3.58
CCOC1=CC=CC=C1;2.86
NC(=S)NC1=CC=CC=C1;3.61
CCCCC1=CC=C(N)C=C1;4.07
COC1=CC=C(Br)C=C1;3.4
CCCC(=O)OCC;2.51
CCNC(=S)NCC;2.24
ClC1=CC=C(Br)C=C1;3.56
NC1=CC=C(Cl)C=C1;3.05
OC1=CC=C(Cl)C=C1;3.54
CCCN;2.293
CC(C)CC(C)(O)C#C;2.447
CCCC(C)Br;3.21
NC1=CC(=CC=C1)Cl;3.22
CC1=CC(=CC(=C1)O)C;3.11
BrC1=CC=CC=C1;3.08
CC1=CC=CN=C1;2.01
CCCCBr;2.82
CCCCC;2.8
CCCCN;2.427
NCCCN;2.296
[NH]1C=CC=C1;1.91
CC(C)COC(C)=O;1.73
CCCCCC(C)=O;2.513
CCNCCO;1.351
C1CCC=CC1;2.99
OC(=O)CCCCCCCCC(O)=O;2.732
CCCSCCC;2.997
CCCCCCCC(Cl)=O;3.415
CCCCOCCO;1.626
CCCCCC\C=C\C(=O)OC;4.04
CCCCCCCCCC=O;4.282
CCCCCCCCCCC(O)=O;3.898
CCCCCCCCCCCCO;5.161
CCCCCCCCCCCC=O;4.76
CCCCCCCCCCCCCO;5.45
CCCCCCCCCCCCCCO;4.67
NC1=CC(=C(O)C=C1)[N+]([O-])=O;3.88
ClC1=CC(=C(Cl)C=C1)Cl;4.08
OC1=C(Cl)C=C(Cl)C=C1;4.04
CC(=O)C1=CC(=CC=C1)O;2.62
NC1=C(Cl)C=C(C=C1)[N+]([O-])=O;3.75
COC(=O)C1=CC=C(OC)C=C1;3.31
CC(=O)OC1=CC=CC=C1;2.77
CC(=O)NC1=CC=C(C=O)C=C1;2.78
CCCCC(CC)C=O;3.161
CCC1=CC=C(O)C=C1;3.21
OC1=CC=C(C=O)C=C1;3.266
CCOC(=O)CCC(=O)OCC;2.149
CC(=O)CC(C)=O;2.728
CCCCCCCC=O;3.483
CC(O)(C#C)C1=CC=CC=C1;2.82
COC(=O)C1=C(C=CC=C1)C(=O)OC;2.56
CCOC(=O)C(CC)C(=O)OCC;2.758
CC1=CC=C(C=C1)C(=O)C2=CC=CC=C2;4.4
ClC1=CC=C(C=C1)C(=O)C2=CC=CC=C2;4.5
OC1=CC2=C(C=CC=C2)C=C1;3.79
CC(C)(C)CC(C)(C)C1=CC=C(O)C=C1;5.1
COC1=CC=C(CC=C)C=C1;3.64
CC(C)=CC(C)=O;2.36
OC(=O)CC(O)=O;2.291
COC1=CC=C(O)C=C1;2.86
O1C2=CC=CC=C2SC3=CC=CC=C13;5.04
FC1=CC=CC=C1C(=O)C2=CC=CC=C2;3.96
NC1=C(F)C=CC=C1;2.63
OC1=C(F)C=CC=C1;3.19
NC1=CC=CC(=C1)F;2.9
OC1=CC=CC(=C1)F;3.38
CC(=O)C1=C(O)C=CC(=C1)F;3.04
OC1=CC=C(C(=C1)F)[N](=O)=O;3.93
CC1=C(C=C(F)C=C1)[N+]([O-])=O;3.25
FC1=CC=CC(=C1)C=O;3.154
FC1=CC=C(Br)C=C1;3.11
OC(=O)C#C;2.706
CC1=C(O)C(=CC=C1)O;3.28
OC1=C(O)C(=C(Br)C(=C1Br)Br)Br;3.98
CCCC(=O)C1=CC=CC=C1;3.21
COC1=CC(=CC=C1O)CO;2.3
CCCCCC1=CC(=CC(=C1)O)O;4.31
COC1=CC(=CC(=C1)O)OC;2.91
CCCCC(=O)CCCC;3.074
CC1=CC(=CC(=C1)O)O;2.61
CC1=C(C)C(=CC=C1)O;3.12
CC1=C(C)C(=CC(=C1)O)C;3.93
CC1=CC=CC=C1C(N)=O;2.05
CC1=C(C=O)C=CC=C1;3.011
CC(C)C1=CC=C(CO)C=C1;3.18
CCC1=CC=NC=C1;2.54
OC1=CC=C(I)C=C1;3.85
CCCC(N)=O;1.215
CCCCI;3.3
ClCCC#N;2.001
CCCCCCl;3.17
CCCCSCCCC;4.04
COC1=CC=CC(=C1)[N](=O)=O;3.72
CC(C)C(N)=O;1.12
C/C=C(C)/C(C)=O;2.66
OC1=C(C=CC=C1[N+]([O-])=O)[N+]([O-])=O;3.83
CC1=CC=C2C=CC=CC2=C1C;4.31
CCC1=CC=CC=C1N;2.78
OC1=CC=CC(=C1)C2=CC=CC=C2;4.35
OC1=CC(=CC(=C1)[N+]([O-])=O)[N+]([O-])=O;4.41
OC(=O)C1=CC=C(Br)C=C1;3.18
CC1=CC=C(CO)C=C1;2.51
BrC1=CC=C(I)C=C1;3.35
CCCCOC=O;2.066
C=CCSCC=C;2.69
CCC(C)(C)N=C=S;3.353
CC(C)C(C)N;2.291
CCC(=O)C(C)=O;2.84
CC1=CC(=C(C(=C1)C)[N](=O)=O)C;3.86
C1=CC=C(C=C1)C2=C3C=CC=CC3=CC=C2;5.04
OC1=C(C=C(C2=CC=CC=C12)[N+]([O-])=O)[N+]([O-])=O;4.89
NC1=C(Br)C=CC=C1Br;3.9
[O-][N+](=O)C1=CC=CO1;3.74
O=[N](=O)C1=CC=CS1;3.51
CC1=CC(=C(O)C(=C1)[N+]([O-])=O)[N+]([O-])=O;4.23
COC(=O)C1=CC=CO1;2.15
COC1=CC(=C(C=O)C=C1)OC;2.944
[O-][N+](=O)C1=CC2=CC=CN=C2C=C1;3.46
O=C(/C=C/C1=CC=CC=C1)C2=CC=CC=C2;4.51
OC1=CC(=C(O)C=C1)Cl;4.26
CCCCC(Br)C(=O)OCC;3.86
NCC(O)CO;1.188
N#CC1=CC=CO1;2.29
BrC(Br)C1=CC=CC=C1;3.64
OC1=C(Cl)C=C(C=C1Cl)[N](=O)=O;3.61
NC(=O)C1=CC=C(O)C=C1;2.22
CC1=CC=C(O1)C=O;2.97
BrC1=CC=C(C=C1)C#N;3.29
CCOC(=O)\C=C\C;2.24
ICC#N;5.469
CCCCO[S](=O)(=O)OCCCC;3.621
O=CC1=CC(=CC=C1)C=O;3.18
NC1=CC(=CC(=C1)Cl)Cl;3.71
ClC1=CN=CC=C1;2.29
CC(=O)OCC#C;1.834
CCCCC[N](=O)=O;2.59
BrCCCCCCBr;4.046
CCCCCCCCl;4.36
OCCCCCCO;1.505
NC1=CC(=C(Cl)C(=C1Cl)Cl)Cl;4.96
NC1=CC(=C(Cl)C=C1Cl)Cl;4.3
CCCCCC[N+]([O-])=O;3.04
FC(F)(F)C(=O)C1=CC=CS1;2.9
CC1=CC(=CC(=O)O1)C;2.07
CC1=NC=C[NH]1;2.09
CCC1CCC(=O)O1;1.76
[O-][N+](=O)C1=CC=C(O1)C=O;5.23
CC1=CC=C(CCO)C=C1;2.74
CC1=C(O)C(=C(C)C(=C1)O)C;4.34
COC1=CC(=C(C=O)C(=C1)OC)O;3.617
OC1=CC=C(C=C1)C#N;3.52
NC1=C(F)C(=C(F)C(=C1F)F)F;3.26
NC1=CC=C(C2=CC=CC=C12)[N+]([O-])=O;4.12
O=[P](C1=CC=CC=C1)(C2=CC=CC=C2)C3=CC=CC=C3;3.77
BrC\C=C\CBr;4.925
OCCCCC=C;2.159
NC1=CC=C(C=C1)C#N;3.24
COC1=CC=C(C=C1)C#N;3.1
OCCC#C;1.161
CCCCCCCC(=O)CC;3.627
CCC\C=C/CO;2.223
CC\C=C\CCO;2.223
ClC1CCCC1;2.65
OC1=CC(=CC(=C1Cl)Cl)Cl;5.37
CCCCCC(=O)C1=CC=CC=C1;4.19
CCCCC#CCO;2.811
BrC1=CC=CS1;3.09
O=C1CCC(O1)C2=CC=CC=C2;2.95
C1=CC=C(C=C1)C2=CC=CN=C2;3.47
CC(C)(C)C1=CC(=C(O)C(=C1)O)C(C)(C)C;5.11
NC1=NC=C(Br)C=C1;3.49
BrCCCC=C;3.013
CC1CCCC1=O;1.8
OC1=CC=C(C=C1)C2CCCCC2;4.56
OC1=CC=C(C=C1)C(=O)C2=CC=CC=C2;4.02
SCCCCCCS;3.626
SCCCCCCCCS;4.191
FC1=CC=C(C=C1)C#N;2.74
OC1=C(O)C(=C(Cl)C(=C1Cl)Cl)Cl;4.7
OCCC1=CC2=CC=CC=C2C=C1;3.49
OC1=CC=C(C=C1)C2CCCC2;4.29
CC/C=C(C)/C(=O)OC;2.624
CC\C=C\C=O;3.66
NC1=CC=CC(=C1)CO;1.87
CC[S](=O)(=O)C=C;3.11
BrC1=CC=C(O1)C=O;3.13
COC(=O)COC1=CC=CC=C1;2.79
CC(O)CC#C;1.368
COC(=O)C1=CC=C(O)C=C1O;3.61
CCCC(C(=O)OCC)C(=O)OCC;3.134
C=CC(=O)NC1=CC=CC=C1;3.116
CC(C)NC(=O)C=C;1.693
NC1=CC(=C(F)C=C1)C(F)(F)F;3.77
CCOCCOC(=O)C(C)=C;2.22
NCC#C;2.174
CCCCCCC(Cl)=O;3.459
CCCCC\C=C\C=O;4.2
O=CC#CC1=CC=CC=C1;5.02
OC1=CC(=C(F)C=C1)Cl;4.13
CCCCCCC(Br)C(O)=O;3.491
CC1=CC(=O)CC1;1.68
CN(C)C(=S)N(C)C;2.15
CCOC(=O)C1=CC=CS1;3.03
OC1=CC=C(C=C1CCl)[N](=O)=O;3.75
COC1=CC(=CC(=C1O)Br)C=O;3.62
OC1=CC=C(C=O)C=C1[N](=O)=O;3.61
CC(O)C#CC(C)O;2.54
NC(=O)C1=CC=C(C=C1)C#N;2.62
CCOC(=O)CCCCl;2.719
S1C=CC(=C1)C2=CSC=C2;4
CC#CCBr;4.276
C[S](=O)(=O)C=C;3.99
CCCCCC/C=C/C(O)=O;3.6
CCCCCC1=CC=CO1;3.92
CCCC(=O)C(C)=O;2.79
NCCCCCCO;2.042
CCCCCCCC#CCO;3.986
NC1=C(C=CC=N1)[N+]([O-])=O;2.99
CC(C)CCOC(=O)C=C;3.41
CCC[S](=O)CCC;1.78
CCCCOC1=CC=C(N)C=C1;3.61
CC(C)(C)NCCO;1.327
CC(C)OC(=O)C(C)=C;2.12
CC(C)(C)OC(=O)CBr;5.409
CCCCC\C(C)=N\O;3.103
CCCC(O)CO;1.373
NC1=CC=CC=C1CO;1.93
COC(=O)CCCCBr;2.92
CCCCOC(=O)CC#N;2.39
CC(C)(C)C(=O)CBr;5.377
CCCC\C=C\C=C\C=O;4.22
ClCCCCC#N;2.366
CCOCCCN;1.297
ClC1=CC(=C(C=C1Cl)[N](=O)=O)[N](=O)=O;5.21
OC1CCC2=C1C=CC=C2;2.42
[O-][N+](=O)C1=CC=C(Cl)C(=C1)C=O;3.53
CCC/C=C/C=O;3.77
NC(=O)C1=C(O)C=CC(=C1)Cl;3.59
NCCCN1CCN(CCCN)CC1;2.34
CCOC(=O)C1=CC(=CC=C1)O;3.48
CCCCCCCOC1=CC=C(O)C=C1;5.03
CCC/C=C/C(O)=O;2.872
CC(=C)C(=O)OCC#C;2.63
CCCCC(=O)CC(C)=O;3.13
ClCCCC#C;2.51
CC1=C(Br)SC=C1;3.62
CCOC(=O)CCCCBr;3.218
NC(=O)C(Br)CBr;4.921
CCC(C)O;1.458
CCC(Br)C(Br)CC;3.998
OC1=NC(=CC=C1)Cl;2.71
CCCCCOC(=O)CC#N;2.69
[O-][N+](=O)C1=CC=C(Cl)C(=C1Cl)Cl;4.51
OCC1=CC=CC=C1Cl;2.9
CC(CCOC(=O)C=C)OC(=O)C=C;4.144
ClC1=C(C(=C(Cl)C(=C1Cl)[N](=O)=O)Cl)[N](=O)=O;5.82
CCCCCC#CCO;3.194
BrCCCCCCC#N;3.512
CCCC(O)C1=CC=CC=C1;2.99
CCCCC1=CC=C(C=C1)N=C=S;5.77
CCCCCCCCCCNC(N)=S;4.94
OC1=C(F)C=CC=C1F;3.47
CCC(C)C1=CC=C(N)C=C1;3.61
CCCCC1=CSC=C1;3.96
CCCOC(=O)CBr;5.31
COC1=NC(=C(C=C1)[N+]([O-])=O)Cl;4.36
CC(Br)C(=O)C(=O)C(C)Br;5.168
CC1=CC(=CC(=C1)N=C=S)C;4.886
OCCCCCCCCBr;4.042
CCCCCCCCCCC#CCO;5.367
NC(=O)C1=CC(=C(N)C(=C1)[N](=O)=O)[N](=O)=O;3.51
CCC#CC(O)CC(C)C;3.401
CC(C)CC(O)C#C;3.617
[O-][S](=O)(=O)C1=CC=C[N+](=C1)CC2=CC=CC=C2;1.5
COC1=C(C=C(Br)C=C1F)[N](=O)=O;3.97
CCCCCCCC/C=C/CO;4.611
NC1=CC(=C(F)C=C1[N](=O)=O)F;3.75
OCC1=CC=C(C(=C1)[N](=O)=O)[N](=O)=O;4.09
CC(CC=C)\C=C(C)/C=O;3.08
CCC(CO)C1=CC=CC=C1;2.89
CC(C)(C)C(N)CO;2.282
[O-][N+](=O)C1=C(Cl)C=CC(=C1)N=C=S;5.11
